"Lead Source","Stage","Fiscal Period","Amount","Age","Close Date","Channel Partner"
"Traditional/Offline Networking","Closed Lost","Q1-2019","12996.00","74.0000000000","2/24/2019","Technology Group Solutions, LLC"
"Customer Support","Closed Won","Q1-2019","6393.00","32.0000000000","2/12/2019","Derive Technologies, LLC"
"Direct Sales","Closed Lost","Q2-2020","38310.00","300.0000000000","4/13/2020","Servion Global Solutions Inc."
"Website","Closed Lost","Q4-2019","8314.25","37.0000000000","10/3/2019","Nex4 Company Ltd."
"Channel Inbound","Closed Lost","Q2-2020","1314.00","268.0000000000","6/10/2020","Nex4 Company Ltd."
"Channel Inbound","Closed Lost","Q3-2020","20660.00","199.0000000000","7/24/2020","Flagler Technologies"
"Channel Inbound","Closed Lost","Q1-2022","14829.15","676.0000000000","3/25/2022","Pedestal Technology"
"Website","Closed Lost","Q3-2020","8873.75","73.0000000000","8/24/2020","Xceptional Networks"
"Customer Support","Closed Lost","Q3-2022","19800.00","647.0000000000","8/18/2022","Integration Partners Corporation"
"Customer Support","Closed Lost","Q2-2022","13680.00","144.0000000000","6/24/2022","Advent Communications, Inc."
"Website","Closed Lost","Q1-2022","23040.00","128.0000000000","3/9/2022","LaSalle Solutions"
"Customer Support","Closed Won","Q4-2022","16416.00","384.0000000000","12/20/2022","K Systems Solutions LLC"
"Channel Inbound","Closed Lost","Q2-2023","4950.00","122.0000000000","4/3/2023","IT PRO CANADA"
"Customer Support","Closed Won","Q3-2022","6720.00","149.0000000000","9/22/2022","CDW Logistics, Inc."
"Channel Inbound","Closed Lost","Q2-2021","106664.00","535.0000000000","4/22/2021","CDW Logistics, Inc."
"Channel Inbound","Closed Lost","Q4-2020","59185.80","331.0000000000","12/17/2020","CDW Logistics, Inc."
"Channel Inbound","Closed Lost","Q3-2020","6478.00","255.0000000000","7/2/2020","CDW Logistics, Inc."
"Channel Inbound","Closed Lost","Q3-2020","5895.00","63.0000000000","9/23/2020","CDW Logistics, Inc."
"Channel Inbound","Closed Lost","Q2-2020","14040.00","54.0000000000","5/5/2020","CDW Logistics, Inc."
"Customer Support","Closed Lost","Q1-2023","1492.02","357.0000000000","1/18/2023","CDW Logistics, Inc."
"Website","Closed Lost","Q3-2020","5766.00","134.0000000000","8/6/2020","CDW Logistics, Inc."
"","Closed Lost","Q2-2019","16005.00","88.0000000000","5/7/2019","CDW Logistics, Inc."
"Channel Inbound","Closed Lost","Q2-2020","15288.00","197.0000000000","6/9/2020","CDW Logistics, Inc."
"Channel Inbound","Closed Won","Q1-2020","2770.50","354.0000000000","2/11/2020","CDW Logistics, Inc."
"Channel Inbound","Closed Lost","Q4-2019","7660.00","155.0000000000","10/1/2019","CDW Logistics, Inc."
"Customer Support","Closed Lost","Q3-2019","113800.00","120.0000000000","7/9/2019","CDW Logistics, Inc."
"Channel Inbound","Closed Lost","Q4-2020","216000.00","44.0000000000","12/18/2020","CDW Logistics, Inc."
"Channel Inbound","Closed Lost","Q2-2020","11485.00","161.0000000000","5/5/2020","CDW Logistics, Inc."
"Website","Closed Lost","Q2-2022","6735.00","99.0000000000","4/14/2022","CDW Logistics, Inc."
"Website","Closed Lost","Q4-2021","13593.60","64.0000000000","12/8/2021","CDW Logistics, Inc."
"Channel Inbound","Closed Lost","Q3-2022","3795.00","450.0000000000","9/2/2022","CDW Logistics, Inc."
"Channel Inbound","Closed Won","Q4-2019","49000.00","91.0000000000","11/26/2019","CDW Logistics, Inc."
"Customer Support","Closed Lost","Q1-2023","6542.40","97.0000000000","1/3/2023","CDW Logistics, Inc."
"Channel Inbound","Closed Lost","Q2-2020","5173.75","54.0000000000","5/5/2020","CDW Logistics, Inc."
"","Closed Lost","Q2-2019","19646.00","140.0000000000","6/6/2019","CDW Logistics, Inc."
"Affiliate/Partner Programs","Closed Lost","Q3-2019","19696.00","192.0000000000","8/5/2019","CDW Logistics, Inc."
"","Closed Lost","Q3-2019","4095.00","88.0000000000","7/12/2019","CDW Logistics, Inc."
"Channel Inbound","Closed Lost","Q2-2021","8400.00","138.0000000000","4/21/2021","CDW Logistics, Inc."
"Channel Inbound","Closed Won","Q3-2020","10035.00","2.0000000000","7/30/2020","CDW Logistics, Inc."
"Events/Shows","Closed Lost","Q3-2019","35976.35","376.0000000000","9/30/2019","CDW Logistics, Inc."
"","Closed Lost","Q1-2019","8495.00","155.0000000000","3/15/2019","CDW Logistics, Inc."
"Channel Inbound","Closed Won","Q4-2022","5066.88","180.0000000000","11/30/2022","CDW Logistics, Inc."
"Channel Inbound","Closed Lost","Q2-2021","9080.00","435.0000000000","5/26/2021","CDW Logistics, Inc."
"Channel Inbound","Closed Won","Q4-2020","6285.60","21.0000000000","10/19/2020","CDW Logistics, Inc."
"Customer Support","Closed Won","Q2-2022","769.08","79.0000000000","4/29/2022","CDW Logistics, Inc."
"Marketing Campaign","Closed Won","Q4-2022","56168.04","288.0000000000","12/20/2022","CDW Logistics, Inc."
"Customer Support","Closed Lost","Q2-2022","6432.38","29.0000000000","4/26/2022","CDW Logistics, Inc."
"Channel Inbound","Closed Lost","Q2-2020","4788.00","418.0000000000","6/10/2020","CDW Logistics, Inc."
"ISI Generated Conversion","Closed Lost","Q3-2022","22648.95","354.0000000000","9/19/2022","CDW Logistics, Inc."
"Channel Inbound","Closed Lost","Q2-2020","125813.50","125.0000000000","6/3/2020","CDW Logistics, Inc."
"Customer Support","Closed Won","Q1-2023","2160.00","199.0000000000","3/31/2023","CDW Logistics, Inc."
"Channel Inbound","Closed Lost","Q3-2019","6415.00","79.0000000000","9/20/2019","CDW Logistics, Inc."
"Channel Inbound","Closed Lost","Q4-2019","266310.50","9.0000000000","12/26/2019","CDW Logistics, Inc."
"Customer Support","Closed Lost","Q1-2023","499.97","144.0000000000","2/28/2023","CDW Logistics, Inc."
"Customer Support","Closed Won","Q4-2022","2812.32","12.0000000000","10/26/2022","CDW Logistics, Inc."
"Channel Inbound","Closed Lost","Q3-2019","5766.00","63.0000000000","9/24/2019","CDW Logistics, Inc."
"Channel Inbound","Closed Lost","Q2-2020","4294.00","23.0000000000","5/29/2020","CDW Logistics, Inc."
"","Closed Won","Q1-2019","3283.00","122.0000000000","3/29/2019","CDW Logistics, Inc."
"Channel Inbound","Closed Lost","Q3-2020","10182.00","519.0000000000","8/14/2020","CDW Logistics, Inc."
"","Closed Lost","Q3-2019","3173.00","118.0000000000","7/11/2019","CDW Logistics, Inc."
"Customer Support","Closed Lost","Q3-2022","271.73","6.0000000000","8/24/2022","CDW Logistics, Inc."
"Customer Support","Closed Lost","Q2-2023","19808.84","333.0000000000","4/18/2023","CDW Logistics, Inc."
"Website","Closed Lost","Q1-2020","8617.90","356.0000000000","1/21/2020","CDW Logistics, Inc."
"Channel Inbound","Closed Lost","Q3-2021","6458.40","320.0000000000","8/11/2021","CDW Logistics, Inc."
"","Closed Won","Q1-2019","77700.00","187.0000000000","1/21/2019","CDW Logistics, Inc."
"","Closed Won","Q1-2019","18306.25","164.0000000000","1/3/2019","CDW Logistics, Inc."
"","Closed Won","Q4-2018","42310.00","121.0000000000","11/16/2018","CDW Logistics, Inc."
"","Closed Lost","Q3-2019","30120.00","18.0000000000","8/5/2019","CDW Logistics, Inc."
"Channel Inbound","Closed Lost","Q1-2020","51106.00","135.0000000000","1/2/2020","CDW Logistics, Inc."
"","Closed Won","Q4-2018","47500.20","30.0000000000","12/13/2018","CDW Logistics, Inc."
"Website","Closed Lost","Q3-2019","2744.00","368.0000000000","8/27/2019","CDW Logistics, Inc."
"Channel Inbound","Closed Lost","Q2-2021","1440.00","77.0000000000","4/19/2021","Covene, LLC"
"Channel Inbound","Closed Lost","Q1-2020","9555.00","126.0000000000","2/28/2020","Trace3, Inc."
"Channel Inbound","Closed Lost","Q2-2022","14280.00","386.0000000000","4/8/2022","Trace3, Inc."
"Channel Inbound","Closed Lost","Q2-2023","8574.00","346.0000000000","5/15/2023","Trace3, Inc."
"","Closed Lost","Q2-2019","16148.25","76.0000000000","5/13/2019","Trace3, Inc."
"Channel Inbound","Closed Lost","Q3-2022","3120.00","226.0000000000","9/2/2022","Axxys Technologies, Inc."
"Customer Support","Closed Lost","Q3-2022","8748.00","34.0000000000","8/3/2022","Axxys Technologies, Inc."
"Channel Inbound","Closed Lost","Q2-2020","15234.00","127.0000000000","6/10/2020","NextNet Partners, LLC"
"Website","Closed Lost","Q1-2019","57744.00","196.0000000000","1/30/2019","NextNet Partners, LLC"
"","Closed Won","Q2-2019","16128.00","163.0000000000","6/26/2019","United Data Technologies, Inc."
"Channel Inbound","Closed Lost","Q1-2020","23040.00","378.0000000000","1/27/2020","United Data Technologies, Inc."
"Channel Inbound","Closed Lost","Q2-2022","35700.00","431.0000000000","4/8/2022","United Data Technologies, Inc."
"Channel Inbound","Closed Lost","Q1-2020","2874.00","149.0000000000","2/27/2020","United Data Technologies, Inc."
"Channel Inbound","Closed Lost","Q4-2020","7404.00","301.0000000000","12/21/2020","United Data Technologies, Inc."
"Channel Inbound","Closed Won","Q2-2020","32880.75","135.0000000000","6/24/2020","United Data Technologies, Inc."
"Website","Closed Won","Q3-2018","10014.00","26.0000000000","9/10/2018","United Data Technologies, Inc."
"Channel Inbound","Closed Won","Q4-2021","3120.00","13.0000000000","10/27/2021","Heartland Business Systems, LLC"
"Channel Inbound","Closed Lost","Q2-2021","41472.00","79.0000000000","4/21/2021","Heartland Business Systems, LLC"
"Channel Inbound","Closed Lost","Q2-2021","7764.50","518.0000000000","6/25/2021","ConvergeOne, Inc."
"Channel Inbound","Closed Won","Q3-2020","7068.00","21.0000000000","9/30/2020","ConvergeOne, Inc."
"Customer Support","Closed Won","Q4-2022","1530.85","7.0000000000","10/26/2022","ConvergeOne, Inc."
"Channel Inbound","Closed Lost","Q2-2021","48600.00","225.0000000000","4/27/2021","ConvergeOne, Inc."
"Channel Inbound","Closed Lost","Q3-2022","7260.00","254.0000000000","8/24/2022","ConvergeOne, Inc."
"Channel Inbound","Closed Lost","Q3-2022","21141.00","531.0000000000","7/7/2022","ConvergeOne, Inc."
"Channel Inbound","Closed Lost","Q2-2021","4440.00","181.0000000000","4/27/2021","ConvergeOne, Inc."
"Direct Sales","Closed Lost","Q2-2023","30270.00","406.0000000000","4/11/2023","ConvergeOne, Inc."
"Channel Inbound","Closed Lost","Q3-2022","23688.00","221.0000000000","7/11/2022","ConvergeOne, Inc."
"Channel Inbound","Closed Lost","Q3-2020","4468.00","202.0000000000","7/9/2020","ConvergeOne, Inc."
"Channel Inbound","Closed Lost","Q3-2020","5766.00","75.0000000000","7/14/2020","ConvergeOne, Inc."
"Channel Inbound","Closed Lost","Q2-2022","45900.00","435.0000000000","5/27/2022","ConvergeOne, Inc."
"Traditional/Offline Networking","Closed Lost","Q4-2018","18753.00","27.0000000000","10/3/2018","ConvergeOne, Inc."
"Channel Inbound","Closed Won","Q2-2020","7227.36","11.0000000000","5/18/2020","ConvergeOne, Inc."
"Channel Inbound","Closed Lost","Q2-2021","19217.81","430.0000000000","5/14/2021","ConvergeOne, Inc."
"Channel Inbound","Closed Lost","Q1-2021","18080.00","379.0000000000","3/24/2021","ConvergeOne, Inc."
"Channel Inbound","Closed Won","Q4-2020","19217.81","30.0000000000","10/9/2020","ConvergeOne, Inc."
"Channel Inbound","Closed Lost","Q4-2020","3150.00","154.0000000000","12/22/2020","ConvergeOne, Inc."
"Channel Inbound","Closed Won","Q4-2022","23355.00","127.0000000000","12/29/2022","ConvergeOne, Inc."
"Channel Inbound","Closed Won","Q1-2021","19537.20","35.0000000000","3/30/2021","ConvergeOne, Inc."
"Channel Inbound","Closed Lost","Q2-2021","68040.00","294.0000000000","4/27/2021","ConvergeOne, Inc."
"Channel Inbound","Closed Lost","Q2-2021","39528.72","281.0000000000","4/27/2021","ConvergeOne, Inc."
"Channel Inbound","Closed Lost","Q2-2021","14472.00","234.0000000000","5/3/2021","ConvergeOne, Inc."
"Customer Support","Closed Won","Q3-2022","9945.14","163.0000000000","8/31/2022","ConvergeOne, Inc."
"Channel Inbound","Closed Won","Q3-2020","13708.80","14.0000000000","9/16/2020","ConvergeOne, Inc."
"Channel Inbound","Closed Won","Q4-2019","8385.75","260.0000000000","12/20/2019","ConvergeOne, Inc."
"Channel Inbound","Closed Lost","Q3-2022","1056.00","617.0000000000","8/17/2022","ConvergeOne, Inc."
"","Closed Won","Q4-2018","23712.00","22.0000000000","10/31/2018","ConvergeOne, Inc."
"Customer Support","Closed Won","Q4-2020","4276.80","6.0000000000","12/21/2020","ConvergeOne, Inc."
"Customer Support","Closed Lost","Q4-2022","4125.00","559.0000000000","10/3/2022","ConvergeOne, Inc."
"Channel Inbound","Closed Won","Q1-2020","14999.20","324.0000000000","1/30/2020","ConvergeOne, Inc."
"Channel Inbound","Closed Lost","Q3-2022","40320.00","124.0000000000","8/1/2022","ConvergeOne, Inc."
"Channel Inbound","Closed Lost","Q2-2021","40320.00","177.0000000000","6/10/2021","ConvergeOne, Inc."
"Channel Inbound","Closed Lost","Q1-2020","8370.00","42.0000000000","2/26/2020","ConvergeOne, Inc."
"Channel Inbound","Closed Lost","Q4-2022","16503.00","219.0000000000","12/9/2022","ConvergeOne, Inc."
"Channel Inbound","Closed Lost","Q1-2023","9408.00","679.0000000000","1/18/2023","ConvergeOne, Inc."
"Channel Inbound","Closed Lost","Q1-2022","77760.00","133.0000000000","2/16/2022","ConvergeOne, Inc."
"Channel Inbound","Closed Lost","Q2-2020","29326.00","21.0000000000","4/13/2020","ConvergeOne, Inc."
"Channel Inbound","Closed Lost","Q2-2021","72900.00","198.0000000000","6/10/2021","ConvergeOne, Inc."
"Channel Inbound","Closed Won","Q2-2020","27869.64","63.0000000000","6/30/2020","ConvergeOne, Inc."
"Channel Inbound","Closed Lost","Q2-2020","40566.25","436.0000000000","6/3/2020","ConvergeOne, Inc."
"Channel Inbound","Closed Lost","Q1-2021","4294.00","434.0000000000","2/3/2021","ConvergeOne, Inc."
"Channel Inbound","Closed Lost","Q1-2020","4468.00","151.0000000000","3/16/2020","ConvergeOne, Inc."
"Channel Inbound","Closed Lost","Q3-2022","3638.40","188.0000000000","9/1/2022","ConvergeOne, Inc."
"Channel Inbound","Closed Lost","Q1-2020","6552.00","84.0000000000","3/12/2020","ConvergeOne, Inc."
"Channel Inbound","Closed Lost","Q3-2022","14730.00","15.0000000000","8/18/2022","ConvergeOne, Inc."
"Channel Inbound","Closed Lost","Q4-2022","25290.00","256.0000000000","10/24/2022","ConvergeOne, Inc."
"Direct Sales","Closed Won","Q3-2022","4305.00","13.0000000000","8/16/2022","ConvergeOne, Inc."
"Channel Inbound","Closed Lost","Q2-2021","10255.30","313.0000000000","6/7/2021","ConvergeOne, Inc."
"","Closed Won","Q3-2019","4840.00","287.0000000000","8/6/2019","ConvergeOne, Inc."
"Channel Inbound","Closed Won","Q2-2020","10069.92","10.0000000000","4/24/2020","ConvergeOne, Inc."
"Channel Inbound","Closed Lost","Q3-2020","19404.00","60.0000000000","7/7/2020","ConvergeOne, Inc."
"Channel Inbound","Closed Lost","Q4-2020","44160.00","401.0000000000","10/21/2020","ConvergeOne, Inc."
"Channel Inbound","Closed Lost","Q1-2020","16872.00","229.0000000000","3/2/2020","ConvergeOne, Inc."
"Channel Inbound","Closed Lost","Q2-2021","9828.00","214.0000000000","4/27/2021","ConvergeOne, Inc."
"","Closed Lost","Q1-2019","3283.00","107.0000000000","3/14/2019","ConvergeOne, Inc."
"Channel Inbound","Closed Lost","Q2-2021","31037.80","573.0000000000","5/20/2021","ConvergeOne, Inc."
"Channel Inbound","Closed Lost","Q2-2021","19030.00","555.0000000000","5/27/2021","ConvergeOne, Inc."
"","Closed Lost","Q2-2019","10453.50","126.0000000000","4/17/2019","ConvergeOne, Inc."
"","Closed Lost","Q2-2019","26784.00","241.0000000000","4/15/2019","ConvergeOne, Inc."
"Website","Closed Lost","Q2-2019","5994.00","257.0000000000","5/13/2019","ConvergeOne, Inc."
"Website","Closed Lost","Q1-2019","3227.00","198.0000000000","3/14/2019","ConvergeOne, Inc."
"Affiliate/Partner Programs","Closed Lost","Q4-2018","4445.30","74.0000000000","10/29/2018","Mainline Information Systems, Inc."
"Channel Inbound","Closed Lost","Q2-2020","47250.00","126.0000000000","4/15/2020","Sakon"
"Events/Shows","Closed Won","Q2-2020","72414.00","218.0000000000","6/30/2020","Sakon"
"","Closed Lost","Q2-2019","60480.00","122.0000000000","5/31/2019","Sakon"
"Channel Inbound","Closed Lost","Q3-2020","1005480.00","182.0000000000","9/2/2020","Sakon"
"Channel Inbound","Closed Lost","Q4-2019","4218.00","19.0000000000","10/22/2019","Solutions4networks, Inc."
"Channel Inbound","Closed Lost","Q2-2020","3384.00","147.0000000000","6/17/2020","Integrated Systems Consultants - ISC"
"Channel Inbound","Closed Lost","Q4-2021","4118.40","99.0000000000","10/21/2021","Integrated Systems Consultants - ISC"
"Channel Inbound","Closed Lost","Q2-2020","17472.00","125.0000000000","6/10/2020","OneNeck IT Solutions, LLC"
"","Closed Lost","Q1-2019","10542.00","115.0000000000","3/14/2019","OneNeck IT Solutions, LLC"
"","Closed Lost","Q1-2019","8830.00","29.0000000000","3/21/2019","Systems Management Planning, Inc. (SMP)"
"Channel Inbound","Closed Lost","Q3-2019","3384.00","34.0000000000","8/29/2019","Systems Management Planning, Inc. (SMP)"
"Channel Inbound","Closed Lost","Q1-2020","3384.00","57.0000000000","1/29/2020","Marco, Inc."
"Channel Inbound","Closed Lost","Q2-2020","31800.20","315.0000000000","4/13/2020","Marco, Inc."
"","Closed Lost","Q3-2019","8961.00","102.0000000000","8/9/2019","Marco, Inc."
"Channel Inbound","Closed Lost","Q1-2020","11908.00","228.0000000000","2/11/2020","Marco, Inc."
"","Closed Lost","Q2-2019","1232.00","266.0000000000","6/24/2019","Enterhost"
"Customer Support","Closed Lost","Q2-2022","1441.20","92.0000000000","5/12/2022","Meriplex Communications, Ltd."
"Customer Support","Closed Lost","Q4-2019","4104.00","365.0000000000","12/3/2019","Meriplex Communications, Ltd."
"Channel Inbound","Closed Lost","Q3-2019","9224.00","314.0000000000","8/25/2019","Pivot Technology Services Corporation"
"Channel Inbound","Closed Lost","Q1-2022","11400.00","412.0000000000","1/31/2022","Pivot Technology Services Corporation"
"Channel Inbound","Closed Won","Q3-2019","1905.00","133.0000000000","9/26/2019","Pivot Technology Services Corporation"
"Events/Shows","Closed Won","Q3-2018","42593.60","37.0000000000","8/31/2018","NWN Corporation"
"Customer Support","Closed Lost","Q1-2023","1731.51","179.0000000000","1/16/2023","NWN Corporation"
"Customer Support","Closed Lost","Q4-2020","7404.00","257.0000000000","11/18/2020","NWN Corporation"
"Channel Inbound","Closed Won","Q1-2021","5760.00","9.0000000000","3/31/2021","NWN Corporation"
"Customer Support","Closed Won","Q3-2022","2110.18","129.0000000000","7/22/2022","NWN Corporation"
"Website","Closed Lost","Q2-2020","7488.00","40.0000000000","4/6/2020","NWN Corporation"
"Channel Inbound","Closed Won","Q1-2020","40768.00","166.0000000000","3/31/2020","NWN Corporation"
"Channel Inbound","Closed Lost","Q4-2019","14091.00","113.0000000000","10/23/2019","NWN Corporation"
"Website","Closed Lost","Q4-2022","18150.00","378.0000000000","11/15/2022","Softchoice Corporation"
"","Closed Lost","Q4-2018","21721.00","74.0000000000","12/7/2018","ABS Technology Architects"
"Customer Support","Closed Won","Q3-2022","684.00","19.0000000000","9/19/2022","Accudata Systems Inc."
"Website","Closed Won","Q2-2022","4608.00","57.0000000000","6/29/2022","Accudata Systems Inc."
"Channel Inbound","Closed Lost","Q1-2020","84495.00","34.0000000000","2/6/2020","Advanced Network Management, Inc."
"Channel Inbound","Closed Lost","Q1-2022","39962.00","546.0000000000","1/27/2022","Advanced Network Management, Inc."
"Channel Inbound","Closed Lost","Q4-2020","18080.00","260.0000000000","12/22/2020","Advanced Network Management, Inc."
"Channel Inbound","Closed Lost","Q2-2021","39831.20","809.0000000000","5/11/2021","Advanced Network Management, Inc."
"Channel Inbound","Closed Lost","Q3-2020","45556.50","258.0000000000","8/10/2020","Advanced Network Management, Inc."
"Customer Support","Closed Won","Q2-2022","2151.00","29.0000000000","6/7/2022","Advanced Network Management, Inc."
"Channel Inbound","Closed Won","Q4-2019","11300.00","191.0000000000","11/21/2019","Advanced Network Management, Inc."
"Channel Inbound","Closed Lost","Q3-2022","5433.00","114.0000000000","9/9/2022","Advanced Network Management, Inc."
"Traditional/Offline Networking","Closed Lost","Q2-2019","17760.00","339.0000000000","6/28/2019","Advanced Network Management, Inc."
"Marketing Campaign","Closed Lost","Q1-2023","6451.50","490.0000000000","1/5/2023","AMS.NET INC."
"Marketing Campaign","Closed Lost","Q4-2022","532.72","459.0000000000","12/2/2022","AMS.NET INC."
"","Closed Lost","Q2-2019","8228.00","140.0000000000","4/22/2019","AMS.NET INC."
"Channel Inbound","Closed Lost","Q2-2022","118000.00","146.0000000000","4/7/2022","AT&T Services, Inc."
"Channel Inbound","Closed Lost","Q4-2019","87142.60","164.0000000000","10/25/2019","AT&T Services, Inc."
"Channel Inbound","Closed Lost","Q3-2021","210000.00","629.0000000000","7/30/2021","AT&T Services, Inc."
"Channel Inbound","Closed Won","Q4-2019","65514.98","175.0000000000","11/26/2019","AT&T Services, Inc."
"Customer Support","Closed Lost","Q2-2022","2892.04","68.0000000000","4/19/2022","AT&T Services, Inc."
"Channel Inbound","Closed Lost","Q3-2019","6393.00","201.0000000000","8/26/2019","AT&T Services, Inc."
"Customer Support","Closed Lost","Q3-2022","1177.70","288.0000000000","8/30/2022","AT&T Services, Inc."
"","Closed Won","Q1-2019","25494.00","35.0000000000","3/20/2019","AT&T Services, Inc."
"Customer Support","Closed Won","Q3-2022","6996.18","201.0000000000","8/17/2022","AT&T Services, Inc."
"Channel Inbound","Closed Lost","Q2-2022","21876.00","353.0000000000","5/12/2022","AT&T Services, Inc."
"Channel Inbound","Closed Won","Q3-2021","143784.00","133.0000000000","9/29/2021","AT&T Services, Inc."
"Channel Inbound","Closed Lost","Q3-2020","211000.00","338.0000000000","7/15/2020","AT&T Services, Inc."
"Customer Support","Closed Won","Q1-2023","1753.50","85.0000000000","1/19/2023","AT&T Services, Inc."
"Customer Support","Closed Lost","Q1-2023","12395.40","112.0000000000","2/15/2023","AT&T Services, Inc."
"Channel Inbound","Closed Lost","Q2-2020","26100.00","476.0000000000","5/26/2020","Axispoint Technology Solutions Group, Inc."
"","Closed Won","Q4-2018","2955.00","18.0000000000","10/22/2018","Axispoint Technology Solutions Group, Inc."
"Channel Inbound","Closed Lost","Q4-2019","18782.40","392.0000000000","11/21/2019","Axispoint Technology Solutions Group, Inc."
"Channel Inbound","Closed Lost","Q4-2019","7404.00","191.0000000000","11/30/2019","Axispoint Technology Solutions Group, Inc."
"Channel Inbound","Closed Lost","Q2-2021","5280.00","344.0000000000","4/21/2021","Burwood Group, Inc."
"Channel Inbound","Closed Won","Q3-2020","23550.00","273.0000000000","7/7/2020","Burwood Group, Inc."
"Customer Support","Closed Won","Q1-2023","3430.00","29.0000000000","2/7/2023","Business Communications, Inc."
"Channel Inbound","Closed Lost","Q1-2021","12867.50","373.0000000000","2/25/2021","Business Communications, Inc."
"Channel Inbound","Closed Lost","Q2-2021","12775.00","454.0000000000","5/17/2021","Business Communications, Inc."
"Website","Closed Lost","Q1-2022","22800.00","305.0000000000","3/4/2022","Business Communications, Inc."
"Channel Inbound","Closed Lost","Q2-2020","15234.00","197.0000000000","4/17/2020","Business Communications, Inc."
"Channel Inbound","Closed Lost","Q3-2020","11708.00","188.0000000000","7/1/2020","Cache Valley Electric Company"
"","Closed Won","Q4-2018","16013.00","50.0000000000","12/19/2018","Cache Valley Electric Company"
"Channel Inbound","Closed Lost","Q4-2019","15925.00","226.0000000000","10/17/2019","Cache Valley Electric Company"
"","Closed Lost","Q2-2019","6384.00","77.0000000000","6/14/2019","Carousel Industries of North America, Inc."
"Channel Inbound","Closed Lost","Q3-2021","11424.00","57.0000000000","7/21/2021","Carousel Industries of North America, Inc."
"","Closed Lost","Q3-2019","13360.00","93.0000000000","7/11/2019","Carousel Industries of North America, Inc."
"Channel Inbound","Closed Lost","Q2-2020","127000.00","159.0000000000","6/17/2020","Carousel Industries of North America, Inc."
"","Closed Lost","Q1-2019","10542.00","99.0000000000","1/4/2019","Carousel Industries of North America, Inc."
"Channel Inbound","Closed Lost","Q4-2019","16471.00","346.0000000000","10/3/2019","Carousel Industries of North America, Inc."
"Channel Inbound","Closed Won","Q2-2022","1548.00","63.0000000000","4/8/2022","Carousel Industries of North America, Inc."
"Channel Inbound","Closed Won","Q1-2021","5376.00","27.0000000000","3/29/2021","Carousel Industries of North America, Inc."
"Channel Inbound","Closed Lost","Q1-2023","12480.00","606.0000000000","1/13/2023","Carousel Industries of North America, Inc."
"Channel Inbound","Closed Lost","Q4-2021","1982.00","524.0000000000","12/2/2021","Carousel Industries of North America, Inc."
"Channel Inbound","Closed Lost","Q1-2023","63432.00","637.0000000000","1/30/2023","Carousel Industries of North America, Inc."
"","Closed Lost","Q1-2019","11252.00","183.0000000000","1/17/2019","Carousel Industries of North America, Inc."
"Channel Inbound","Closed Lost","Q2-2022","7981.60","700.0000000000","5/11/2022","Chickasaw Telecom, Inc."
"Channel Inbound","Closed Lost","Q4-2021","1008.00","294.0000000000","11/12/2021","Chickasaw Telecom, Inc."
"Channel Inbound","Closed Lost","Q2-2021","2340.00","456.0000000000","4/16/2021","Chickasaw Telecom, Inc."
"Website","Closed Lost","Q4-2019","1858.00","429.0000000000","10/31/2019","Chickasaw Telecom, Inc."
"Customer Support","Closed Lost","Q4-2022","11209.86","225.0000000000","10/6/2022","Cisco Systems, Inc."
"Channel Inbound","Closed Lost","Q2-2021","22620.00","156.0000000000","5/20/2021","DataVox, Inc."
"Channel Inbound","Closed Lost","Q2-2020","42369.05","125.0000000000","4/21/2020","DataVox, Inc."
"Channel Inbound","Closed Lost","Q1-2020","5108.00","14.0000000000","3/17/2020","Development Group, Inc."
"","Closed Lost","Q4-2018","12504.00","47.0000000000","11/21/2018","Development Group, Inc."
"Channel Inbound","Closed Lost","Q2-2022","3840.00","533.0000000000","6/1/2022","Development Group, Inc."
"Customer Support","Closed Won","Q3-2022","732.00","123.0000000000","7/15/2022","Development Group, Inc."
"Channel Inbound","Closed Lost","Q2-2020","16631.00","66.0000000000","5/8/2020","Development Group, Inc."
"Channel Inbound","Closed Lost","Q4-2020","14182.00","120.0000000000","12/23/2020","NTT America, Inc."
"Channel Inbound","Closed Lost","Q2-2021","13860.00","65.0000000000","4/15/2021","NTT America, Inc."
"Customer Support","Closed Lost","Q2-2023","22260.00","36.0000000000","5/19/2023","NTT America, Inc."
"Customer Support","Closed Lost","Q3-2022","6783.15","78.0000000000","9/7/2022","NTT America, Inc."
"Channel Inbound","Closed Won","Q4-2019","52052.36","255.0000000000","10/7/2019","NTT America, Inc."
"","Closed Lost","Q2-2019","49580.00","193.0000000000","6/18/2019","NTT America, Inc."
"Customer Support","Closed Lost","Q2-2020","18020.00","134.0000000000","6/17/2020","NTT America, Inc."
"Website","Closed Lost","Q2-2023","31500.00","520.0000000000","4/13/2023","NTT America, Inc."
"Channel Inbound","Closed Won","Q4-2019","1667.00","59.0000000000","11/14/2019","NTT America, Inc."
"Channel Inbound","Closed Lost","Q1-2020","66960.00","192.0000000000","1/24/2020","NTT America, Inc."
"Channel Inbound","Closed Lost","Q1-2020","5712.00","436.0000000000","1/22/2020","NTT America, Inc."
"Events/Shows","Closed Won","Q4-2019","11110.00","113.0000000000","10/15/2019","NTT America, Inc."
"Website","Closed Won","Q1-2021","1260.00","203.0000000000","3/15/2021","NTT America, Inc."
"Customer Support","Closed Lost","Q1-2023","2105.58","130.0000000000","3/17/2023","NTT America, Inc."
"Channel Inbound","Closed Lost","Q2-2020","10225.00","100.0000000000","6/17/2020","DISYS Solutions, Inc."
"","Closed Lost","Q3-2019","1314.00","30.0000000000","8/15/2019","DISYS Solutions, Inc."
"Customer Support","Closed Lost","Q2-2023","257.00","383.0000000000","5/15/2023","ePlus Technology, Inc."
"Channel Inbound","Closed Won","Q1-2021","2520.00","462.0000000000","1/7/2021","ePlus Technology, Inc."
"Channel Inbound","Closed Won","Q1-2020","11396.00","223.0000000000","3/26/2020","ePlus Technology, Inc."
"Customer Support","Closed Won","Q2-2022","4042.45","22.0000000000","5/18/2022","Flair Data Systems"
"Channel Inbound","Closed Lost","Q1-2023","2085.00","603.0000000000","1/31/2023","Flair Data Systems"
"Channel Inbound","Closed Lost","Q3-2020","3384.00","164.0000000000","8/10/2020","Flair Data Systems"
"Customer Support","Closed Won","Q2-2022","3106.68","37.0000000000","6/24/2022","General DataTech, L.P."
"Channel Inbound","Closed Lost","Q3-2019","8495.00","211.0000000000","8/30/2019","Hawaiian Telcom Communications, Inc."
"Website","Closed Lost","Q3-2022","4992.00","479.0000000000","9/2/2022","Internetwork Engineering"
"Channel Inbound","Closed Lost","Q4-2022","90504.00","726.0000000000","11/15/2022","Internetwork Engineering"
"Customer Support","Closed Won","Q2-2023","2700.00","40.0000000000","5/8/2023","Internetwork Engineering"
"Direct Sales","Closed Lost","Q3-2022","13410.00","474.0000000000","8/24/2022","Internetwork Engineering"
"Channel Inbound","Closed Lost","Q1-2020","22800.00","342.0000000000","2/24/2020","Internetwork Engineering"
"Channel Inbound","Closed Won","Q3-2020","17472.00","171.0000000000","8/28/2020","Johnston Communications"
"","Closed Lost","Q1-2019","9856.00","36.0000000000","2/7/2019","Katalyst Network Group, LLC"
"Channel Inbound","Closed Won","Q1-2021","3960.00","134.0000000000","1/21/2021","Katalyst Network Group, LLC"
"Channel Inbound","Closed Won","Q2-2022","12240.00","19.0000000000","4/12/2022","Katalyst Network Group, LLC"
"Customer Support","Closed Won","Q1-2023","707.50","32.0000000000","2/14/2023","Katalyst Network Group, LLC"
"Channel Inbound","Closed Lost","Q3-2022","24408.00","225.0000000000","9/29/2022","Katalyst Network Group, LLC"
"Customer Support","Closed Won","Q2-2023","1614.00","47.0000000000","5/15/2023","Katalyst Network Group, LLC"
"Channel Inbound","Closed Won","Q4-2019","6349.00","31.0000000000","11/30/2019","Katalyst Network Group, LLC"
"Customer Support","Closed Lost","Q1-2023","2250.00","230.0000000000","2/15/2023","Katalyst Network Group, LLC"
"Channel Inbound","Closed Lost","Q4-2020","13130.00","286.0000000000","12/10/2020","Anexinet"
"Channel Inbound","Closed Lost","Q2-2022","35568.00","922.0000000000","6/28/2022","Anexinet"
"Channel Inbound","Closed Lost","Q4-2019","12328.00","114.0000000000","10/16/2019","Mid-Atlantic Business Communications, Inc."
"Channel Inbound","Closed Lost","Q4-2020","4544.00","228.0000000000","12/22/2020","Intervision"
"Customer Support","Closed Lost","Q4-2022","4320.00","74.0000000000","10/4/2022","Intervision"
"Channel Inbound","Closed Lost","Q3-2021","3384.00","635.0000000000","7/6/2021","Intervision"
"Channel Inbound","Closed Lost","Q4-2019","1314.00","57.0000000000","10/24/2019","Intervision"
"Customer Support","Closed Won","Q2-2022","2065.39","10.0000000000","5/5/2022","Intervision"
"","Closed Lost","Q1-2019","19877.00","43.0000000000","3/7/2019","Netrix LLC"
"Website","Closed Lost","Q3-2022","9600.00","264.0000000000","8/23/2022","Network Integration Company Partners, Inc."
"Traditional/Offline Networking","Closed Won","Q4-2018","7776.00","141.0000000000","12/18/2018","Network Solutions, Inc."
"Channel Inbound","Closed Lost","Q2-2020","28088.00","245.0000000000","4/16/2020","Verizon"
"Channel Inbound","Closed Lost","Q1-2021","1260.00","24.0000000000","3/18/2021","World Wide Technology, Inc."
"Channel Inbound","Closed Lost","Q4-2021","27000.00","279.0000000000","12/27/2021","World Wide Technology, Inc."
"Channel Inbound","Closed Lost","Q4-2021","407320.75","261.0000000000","12/1/2021","World Wide Technology, Inc."
"Channel Inbound","Closed Lost","Q4-2020","7956.00","45.0000000000","11/30/2020","World Wide Technology, Inc."
"Channel Inbound","Closed Lost","Q2-2021","25696.00","488.0000000000","4/21/2021","World Wide Technology, Inc."
"Customer Support","Closed Lost","Q2-2022","2520.00","21.0000000000","4/20/2022","World Wide Technology, Inc."
"Channel Inbound","Closed Lost","Q1-2020","36800.00","109.0000000000","1/24/2020","World Wide Technology, Inc."
"Channel Inbound","Closed Lost","Q1-2020","8361.00","238.0000000000","1/27/2020","World Wide Technology, Inc."
"Customer Support","Closed Won","Q4-2022","9496.34","148.0000000000","12/29/2022","World Wide Technology, Inc."
"Customer Support","Closed Lost","Q2-2023","2486.74","33.0000000000","4/18/2023","Zones, Inc."
"Customer Support","Closed Won","Q1-2023","8499.60","35.0000000000","2/8/2023","Black Box Network Services"
"Customer Support","Closed Won","Q3-2022","402.00","22.0000000000","9/7/2022","Black Box Network Services"
"Customer Support","Closed Lost","Q1-2019","5356.00","230.0000000000","3/21/2019","Black Box Network Services"
"Channel Inbound","Closed Lost","Q2-2020","5803.00","118.0000000000","6/9/2020","CompuNet Inc."
"Website","Closed Lost","Q1-2019","6520.00","189.0000000000","3/14/2019","CompuNet Inc."
"Channel Inbound","Closed Lost","Q2-2021","58275.00","72.0000000000","4/9/2021","CompuNet Inc."
"Channel Inbound","Closed Won","Q4-2020","66213.32","78.0000000000","10/30/2020","CompuNet Inc."
"Channel Inbound","Closed Lost","Q2-2021","16330.02","101.0000000000","5/17/2021","CompuNet Inc."
"Customer Support","Closed Won","Q1-2023","7661.90","6.0000000000","3/2/2023","CompuNet Inc."
"Channel Inbound","Closed Lost","Q2-2020","16872.00","336.0000000000","4/16/2020","CompuNet Inc."
"Channel Inbound","Closed Lost","Q2-2020","3296.11","144.0000000000","6/9/2020","CompuNet Inc."
"Customer Support","Closed Lost","Q1-2023","27405.00","369.0000000000","2/27/2023","CompuNet Inc."
"Channel Inbound","Closed Lost","Q2-2021","5182.80","161.0000000000","4/20/2021","CompuNet Inc."
"Channel Inbound","Closed Lost","Q1-2022","24444.80","880.0000000000","3/8/2022","MNJ Technologies Direct, Inc."
"Verint Referral","Closed Lost","Q1-2020","6897.44","172.0000000000","1/31/2020","MNJ Technologies Direct, Inc."
"Channel Inbound","Closed Lost","Q4-2019","6591.00","105.0000000000","11/21/2019","Computer Design & Integration LLC"
"Channel Inbound","Closed Lost","Q4-2019","18756.00","400.0000000000","10/31/2019","Netsync Network Solutions, Inc."
"Channel Inbound","Closed Lost","Q1-2023","15204.00","403.0000000000","3/31/2023","Netsync Network Solutions, Inc."
"","Closed Lost","Q1-2019","12960.00","140.0000000000","3/12/2019","Netsync Network Solutions, Inc."
"","Closed Lost","Q1-2019","19733.00","79.0000000000","2/6/2019","Netsync Network Solutions, Inc."
"","Closed Lost","Q2-2019","1858.00","64.0000000000","6/28/2019","Netsync Network Solutions, Inc."
"Affiliate/Partner Programs","Closed Lost","Q2-2019","21010.00","55.0000000000","6/27/2019","Netsync Network Solutions, Inc."
"Marketing Campaign","Closed Lost","Q2-2020","11383.40","57.0000000000","5/29/2020","Veytec Inc."
"","Closed Lost","Q2-2019","24832.50","70.0000000000","4/18/2019","R2 Unified Technologies LLC"
"Channel Inbound","Closed Lost","Q1-2022","144000.00","134.0000000000","3/4/2022","TeleSpace, LLC"
"Channel Inbound","Closed Lost","Q3-2022","3072.00","63.0000000000","9/6/2022","TeleSpace, LLC"
"Channel Inbound","Closed Lost","Q3-2020","14703.00","189.0000000000","8/28/2020","Cambium Data Inc."
"Customer Support","Closed Won","Q4-2022","39686.40","244.0000000000","12/21/2022","TD Synnex"
"Channel Inbound","Closed Lost","Q4-2022","71191.32","82.0000000000","11/29/2022","TD Synnex"
"Website","Closed Won","Q3-2021","3600.00","139.0000000000","8/31/2021","TD Synnex"
"Channel Inbound","Closed Lost","Q2-2020","5434.00","14.0000000000","6/29/2020","TD Synnex"
"Customer Support","Closed Lost","Q1-2023","332.00","209.0000000000","2/15/2023","Continental Resources, Inc. (CRI)"
"Channel Inbound","Closed Lost","Q2-2021","8736.00","66.0000000000","4/16/2021","Continental Resources, Inc. (CRI)"
"Channel Inbound","Closed Lost","Q4-2019","5376.20","210.0000000000","10/28/2019","PremierComm LLC"
"Website - Collateral","Closed Won","Q2-2019","15290.20","98.0000000000","6/6/2019","PremierComm LLC"
"","Closed Lost","Q2-2019","3480.00","59.0000000000","6/28/2019","Sentinel Technologies, Inc."
"Channel Inbound","Closed Lost","Q2-2021","16456.01","323.0000000000","5/6/2021","Sentinel Technologies, Inc."
"Channel Inbound","Closed Lost","Q2-2021","11640.00","309.0000000000","4/22/2021","Sentinel Technologies, Inc."
"Channel Inbound","Closed Won","Q3-2020","31772.00","176.0000000000","9/23/2020","Sentinel Technologies, Inc."
"Channel Inbound","Closed Won","Q3-2019","24960.00","283.0000000000","9/27/2019","Sentinel Technologies, Inc."
"Channel Inbound","Closed Won","Q3-2021","3690.00","207.0000000000","7/30/2021","Sentinel Technologies, Inc."
"Channel Inbound","Closed Won","Q1-2021","22780.00","474.0000000000","1/13/2021","Sentinel Technologies, Inc."
"Channel Inbound","Closed Lost","Q3-2019","9200.00","140.0000000000","8/22/2019","Sentinel Technologies, Inc."
"Website","Closed Lost","Q2-2020","21847.25","642.0000000000","6/10/2020","Sentinel Technologies, Inc."
"Channel Inbound","Closed Lost","Q1-2023","3795.00","305.0000000000","3/6/2023","Sentinel Technologies, Inc."
"Customer Support","Closed Lost","Q4-2022","5860.40","181.0000000000","11/21/2022","Sentinel Technologies, Inc."
"Channel Inbound","Closed Lost","Q3-2020","7020.00","106.0000000000","7/1/2020","Sentinel Technologies, Inc."
"Website","Closed Lost","Q3-2022","6720.00","502.0000000000","8/31/2022","Sentinel Technologies, Inc."
"Channel Inbound","Closed Lost","Q2-2021","24229.80","70.0000000000","5/17/2021","Sentinel Technologies, Inc."
"Channel Inbound","Closed Lost","Q2-2021","46425.00","347.0000000000","5/23/2021","Sentinel Technologies, Inc."
"Channel Inbound","Closed Won","Q4-2020","3013.20","35.0000000000","10/6/2020","Sentinel Technologies, Inc."
"Customer Support","Closed Lost","Q4-2022","1344.85","39.0000000000","11/21/2022","Sentinel Technologies, Inc."
"Channel Inbound","Closed Lost","Q4-2019","5352.00","74.0000000000","10/8/2019","Sentinel Technologies, Inc."
"","Closed Lost","Q1-2019","6742.50","226.0000000000","3/15/2019","Sentinel Technologies, Inc."
"Channel Inbound","Closed Lost","Q3-2020","6392.25","520.0000000000","9/4/2020","Sentinel Technologies, Inc."
"Channel Inbound","Closed Lost","Q1-2020","26660.00","205.0000000000","3/12/2020","Sentinel Technologies, Inc."
"Channel Inbound","Closed Lost","Q2-2021","12323.60","102.0000000000","5/17/2021","Sentinel Technologies, Inc."
"","Closed Lost","Q1-2019","16592.00","108.0000000000","3/14/2019","Sentinel Technologies, Inc."
"Channel Inbound","Closed Lost","Q1-2021","38608.63","144.0000000000","1/15/2021","SHI International Corporation"
"","Closed Lost","Q3-2019","10182.00","131.0000000000","7/30/2019","SHI International Corporation"
"Channel Inbound","Closed Lost","Q4-2021","9600.00","769.0000000000","10/7/2021","SHI International Corporation"
"Channel Inbound","Closed Lost","Q2-2021","5582.00","305.0000000000","6/25/2021","SHI International Corporation"
"Customer Support","Closed Lost","Q3-2022","576.00","343.0000000000","9/2/2022","SHI International Corporation"
"Channel Inbound","Closed Lost","Q4-2019","126309.45","49.0000000000","12/2/2019","SHI International Corporation"
"Customer Support","Closed Lost","Q1-2022","4402.92","26.0000000000","3/30/2022","SHI International Corporation"
"Channel Inbound","Closed Lost","Q1-2020","8732.00","141.0000000000","2/26/2020","Single Path, LLC"
"Channel Inbound","Closed Lost","Q2-2020","17643.80","226.0000000000","5/21/2020","Single Path, LLC"
"Events/Shows","Closed Won","Q4-2019","64189.15","106.0000000000","10/3/2019","Sirius Computer Solutions, Inc. - a CDW Company"
"Channel Inbound","Closed Won","Q1-2020","4468.00","14.0000000000","3/27/2020","Sirius Computer Solutions, Inc. - a CDW Company"
"","Closed Lost","Q3-2019","6156.00","322.0000000000","8/14/2019","Sirius Computer Solutions, Inc. - a CDW Company"
"Channel Inbound","Closed Won","Q3-2020","2238.00","31.0000000000","8/31/2020","Sirius Computer Solutions, Inc. - a CDW Company"
"Website","Closed Lost","Q2-2020","55800.00","211.0000000000","6/3/2020","Sirius Computer Solutions, Inc. - a CDW Company"
"Channel Inbound","Closed Lost","Q2-2020","17600.00","261.0000000000","6/4/2020","Sirius Computer Solutions, Inc. - a CDW Company"
"Channel Inbound","Closed Won","Q4-2019","7764.50","445.0000000000","10/11/2019","Sirius Computer Solutions, Inc. - a CDW Company"
"","Closed Lost","Q2-2019","69315.00","260.0000000000","5/2/2019","Sirius Computer Solutions, Inc. - a CDW Company"
"Website","Closed Won","Q2-2019","7101.00","308.0000000000","6/25/2019","Sirius Computer Solutions, Inc. - a CDW Company"
"Customer Support","Closed Won","Q2-2022","2740.00","23.0000000000","6/10/2022","Calian"
"Customer Support","Closed Lost","Q1-2023","5760.00","51.0000000000","1/25/2023","Insight Direct USA, Inc."
"Customer Support","Closed Lost","Q2-2023","5760.00","32.0000000000","4/14/2023","Insight Direct USA, Inc."
"Channel Inbound","Closed Lost","Q2-2022","46080.00","325.0000000000","4/15/2022","Insight Direct USA, Inc."
"","Closed Lost","Q1-2019","92812.00","184.0000000000","3/15/2019","Insight Direct USA, Inc."
"","Closed Lost","Q3-2019","18384.00","124.0000000000","7/16/2019","Insight Direct USA, Inc."
"Channel Inbound","Closed Lost","Q3-2022","74575.00","797.0000000000","9/15/2022","Insight Direct USA, Inc."
"Customer Support","Closed Lost","Q3-2022","3817.68","4.0000000000","8/23/2022","Insight Direct USA, Inc."
"","Closed Lost","Q1-2019","4859.20","127.0000000000","3/15/2019","Insight Direct USA, Inc."
"Channel Inbound","Closed Won","Q4-2020","3563.51","371.0000000000","11/11/2020","Logicalis, Inc."
"Channel Inbound","Closed Lost","Q2-2022","15234.00","908.0000000000","5/18/2022","Logicalis, Inc."
"Website","Closed Won","Q1-2021","61209.00","407.0000000000","3/2/2021","Logicalis, Inc."
"Channel Inbound","Closed Lost","Q3-2021","26730.00","462.0000000000","8/11/2021","Logicalis, Inc."
"","Closed Lost","Q4-2018","51550.00","35.0000000000","11/29/2018","Logicalis, Inc."
"Direct Sales","Closed Lost","Q2-2020","3173.00","589.0000000000","6/10/2020","Logicalis, Inc."
"","Closed Lost","Q3-2019","10081.80","95.0000000000","7/16/2019","Logicalis, Inc."
"Channel Inbound","Closed Lost","Q1-2020","53300.00","447.0000000000","3/10/2020","Presidio Networked Solutions Group, LLC"
"Customer Support","Closed Won","Q3-2022","5180.80","16.0000000000","9/7/2022","Presidio Networked Solutions Group, LLC"
"Channel Inbound","Closed Lost","Q3-2019","6413.00","232.0000000000","9/4/2019","Presidio Networked Solutions Group, LLC"
"Channel Inbound","Closed Lost","Q1-2021","10301.19","689.0000000000","2/15/2021","Presidio Networked Solutions Group, LLC"
"Direct Sales","Closed Lost","Q2-2023","15122.52","485.0000000000","5/18/2023","Presidio Networked Solutions Group, LLC"
"Channel Inbound","Closed Lost","Q1-2023","4404.36","870.0000000000","1/12/2023","Presidio Networked Solutions Group, LLC"
"Channel Inbound","Closed Lost","Q2-2020","30900.00","155.0000000000","6/17/2020","Presidio Networked Solutions Group, LLC"
"Customer Support","Closed Won","Q2-2022","171.00","60.0000000000","5/10/2022","Presidio Networked Solutions Group, LLC"
"Channel Inbound","Closed Lost","Q1-2023","19950.00","896.0000000000","2/22/2023","Presidio Networked Solutions Group, LLC"
"Website","Closed Lost","Q4-2020","31786.35","114.0000000000","12/17/2020","Presidio Networked Solutions Group, LLC"
"Channel Inbound","Closed Won","Q4-2022","29774.30","215.0000000000","12/6/2022","Presidio Networked Solutions Group, LLC"
"Customer Support","Closed Won","Q3-2022","2922.13","232.0000000000","8/31/2022","Presidio Networked Solutions Group, LLC"
"Customer Support","Closed Lost","Q2-2023","2275.00","83.0000000000","5/18/2023","Presidio Networked Solutions Group, LLC"
"Channel Inbound","Closed Lost","Q1-2023","13338.00","322.0000000000","2/9/2023","Presidio Networked Solutions Group, LLC"
"","Closed Lost","Q3-2019","27257.19","113.0000000000","8/15/2019","Presidio Networked Solutions Group, LLC"
"Channel Inbound","Closed Lost","Q1-2020","8722.75","278.0000000000","1/27/2020","Presidio Networked Solutions Group, LLC"
"Events/Shows","Closed Lost","Q1-2021","37839.00","498.0000000000","2/3/2021","Presidio Networked Solutions Group, LLC"
"Channel Inbound","Closed Won","Q2-2022","39960.00","183.0000000000","5/6/2022","Presidio Networked Solutions Group, LLC"
"Channel Inbound","Closed Lost","Q1-2023","31984.00","242.0000000000","3/6/2023","Presidio Networked Solutions Group, LLC"
"Channel Inbound","Closed Lost","Q3-2022","15990.00","133.0000000000","7/7/2022","Presidio Networked Solutions Group, LLC"
"Website","Closed Lost","Q4-2022","69014.00","181.0000000000","10/27/2022","Presidio Networked Solutions Group, LLC"
"Channel Inbound","Closed Lost","Q2-2023","9561.60","817.0000000000","4/18/2023","Presidio Networked Solutions Group, LLC"
"Channel Inbound","Closed Won","Q2-2021","7571.40","76.0000000000","6/9/2021","Presidio Networked Solutions Group, LLC"
"Customer Support","Closed Lost","Q3-2022","6100.95","140.0000000000","7/5/2022","Presidio Networked Solutions Group, LLC"
"Customer Support","Closed Lost","Q3-2022","1689.20","191.0000000000","9/2/2022","Presidio Networked Solutions Group, LLC"
"Website","Closed Lost","Q3-2022","41617.20","73.0000000000","9/26/2022","Presidio Networked Solutions Group, LLC"
"Channel Inbound","Closed Lost","Q2-2020","5895.00","178.0000000000","6/11/2020","Presidio Networked Solutions Group, LLC"
"Channel Inbound","Closed Lost","Q4-2019","8502.00","55.0000000000","12/5/2019","Presidio Networked Solutions Group, LLC"
"Channel Inbound","Closed Lost","Q3-2022","15592.20","177.0000000000","8/31/2022","Presidio Networked Solutions Group, LLC"
"Channel Inbound","Closed Lost","Q3-2020","10260.00","293.0000000000","7/20/2020","Presidio Networked Solutions Group, LLC"
"Channel Inbound","Closed Won","Q4-2019","8361.00","136.0000000000","11/4/2019","Presidio Networked Solutions Group, LLC"
"Channel Inbound","Closed Lost","Q4-2021","13680.00","743.0000000000","11/16/2021","Presidio Networked Solutions Group, LLC"
"Channel Inbound","Closed Lost","Q3-2021","30396.00","707.0000000000","7/30/2021","Presidio Networked Solutions Group, LLC"
"Events/Shows","Closed Won","Q4-2018","32334.75","75.0000000000","11/21/2018","Presidio Networked Solutions Group, LLC"
"","Closed Won","Q2-2019","6180.00","29.0000000000","5/8/2019","Presidio Networked Solutions Group, LLC"
"Channel Inbound","Closed Lost","Q1-2020","4954.00","358.0000000000","1/14/2020","Presidio Networked Solutions Group, LLC"
"Channel Inbound","Closed Lost","Q2-2023","70877.76","579.0000000000","4/11/2023","Presidio Networked Solutions Group, LLC"
"Channel Inbound","Closed Lost","Q1-2020","23494.00","345.0000000000","1/23/2020","Presidio Networked Solutions Group, LLC"
"Channel Inbound","Closed Lost","Q3-2022","41151.00","771.0000000000","9/9/2022","Presidio Networked Solutions Group, LLC"
"Channel Inbound","Closed Lost","Q1-2020","26080.00","364.0000000000","1/24/2020","Presidio Networked Solutions Group, LLC"
"Channel Inbound","Closed Won","Q4-2020","38400.00","54.0000000000","12/14/2020","Presidio Networked Solutions Group, LLC"
"","Closed Lost","Q2-2019","7584.50","202.0000000000","4/9/2019","Presidio Networked Solutions Group, LLC"
"Channel Inbound","Closed Lost","Q3-2020","57120.00","674.0000000000","7/29/2020","Presidio Networked Solutions Group, LLC"
"","Closed Won","Q1-2019","16444.75","43.0000000000","3/29/2019","Presidio Networked Solutions Group, LLC"
"Channel Inbound","Closed Won","Q3-2020","16971.42","109.0000000000","7/10/2020","Presidio Networked Solutions Group, LLC"
"Channel Inbound","Closed Lost","Q3-2020","10196.10","21.0000000000","7/30/2020","Presidio Networked Solutions Group, LLC"
"Channel Inbound","Closed Lost","Q2-2020","12472.00","454.0000000000","6/10/2020","Presidio Networked Solutions Group, LLC"
"Channel Inbound","Closed Lost","Q4-2022","4080.00","149.0000000000","10/7/2022","Presidio Networked Solutions Group, LLC"
"Website","Closed Lost","Q1-2022","90000.00","1022.0000000000","3/2/2022","Presidio Networked Solutions Group, LLC"
"Customer Support","Closed Lost","Q1-2023","4282.82","262.0000000000","2/9/2023","Presidio Networked Solutions Group, LLC"
"Channel Inbound","Closed Lost","Q2-2020","14423.15","131.0000000000","6/17/2020","Presidio Networked Solutions Group, LLC"
"Channel Inbound","Closed Lost","Q2-2020","34603.42","258.0000000000","5/6/2020","Presidio Networked Solutions Group, LLC"
"Customer Support","Closed Won","Q2-2022","1040.40","58.0000000000","6/1/2022","Presidio Networked Solutions Group, LLC"
"Channel Inbound","Closed Won","Q4-2021","17989.44","95.0000000000","12/7/2021","Presidio Networked Solutions Group, LLC"
"Customer Support","Closed Won","Q3-2022","2134.44","133.0000000000","7/6/2022","Presidio Networked Solutions Group, LLC"
"Channel Inbound","Closed Won","Q2-2022","48615.00","258.0000000000","6/6/2022","Presidio Networked Solutions Group, LLC"
"Channel Inbound","Closed Lost","Q1-2020","16872.00","228.0000000000","3/13/2020","Presidio Networked Solutions Group, LLC"
"Website","Closed Won","Q3-2021","23158.08","527.0000000000","7/28/2021","Presidio Networked Solutions Group, LLC"
"Website","Closed Lost","Q3-2020","49995.00","283.0000000000","7/9/2020","Presidio Networked Solutions Group, LLC"
"Channel Inbound","Closed Lost","Q3-2022","15768.00","247.0000000000","8/31/2022","Presidio Networked Solutions Group, LLC"
"Channel Inbound","Closed Lost","Q3-2020","7068.00","170.0000000000","7/2/2020","Presidio Networked Solutions Group, LLC"
"Customer Support","Closed Lost","Q2-2022","3522.00","78.0000000000","5/20/2022","Presidio Networked Solutions Group, LLC"
"Customer Support","Closed Won","Q3-2022","2996.00","128.0000000000","8/12/2022","Presidio Networked Solutions Group, LLC"
"Customer Support","Closed Lost","Q2-2022","875.10","76.0000000000","5/10/2022","Presidio Networked Solutions Group, LLC"
"Customer Support","Closed Lost","Q1-2022","6861.94","14.0000000000","3/30/2022","Presidio Networked Solutions Group, LLC"
"Channel Inbound","Closed Lost","Q2-2020","29256.00","357.0000000000","4/9/2020","Presidio Networked Solutions Group, LLC"
"Customer Support","Closed Won","Q4-2022","6376.86","62.0000000000","12/5/2022","Presidio Networked Solutions Group, LLC"
"Channel Inbound","Closed Lost","Q4-2019","2961.00","148.0000000000","11/27/2019","Presidio Networked Solutions Group, LLC"
"Website","Closed Lost","Q2-2020","7020.00","297.0000000000","5/15/2020","Presidio Networked Solutions Group, LLC"
"Channel Inbound","Closed Lost","Q3-2020","6552.00","176.0000000000","7/15/2020","Presidio Networked Solutions Group, LLC"
"Channel Inbound","Closed Won","Q2-2020","6478.00","29.0000000000","5/1/2020","Presidio Networked Solutions Group, LLC"
"Channel Inbound","Closed Lost","Q3-2019","6430.00","243.0000000000","9/4/2019","Presidio Networked Solutions Group, LLC"
"Events/Shows","Closed Lost","Q1-2020","30750.00","458.0000000000","1/24/2020","Presidio Networked Solutions Group, LLC"
"","Closed Lost","Q3-2019","5040.00","281.0000000000","8/1/2019","Presidio Networked Solutions Group, LLC"
"Channel Inbound","Closed Lost","Q1-2020","467100.00","453.0000000000","1/29/2020","Presidio Networked Solutions Group, LLC"
"","Closed Won","Q2-2019","16900.00","127.0000000000","6/28/2019","Presidio Networked Solutions Group, LLC"
"Channel Inbound","Closed Lost","Q3-2020","17670.75","408.0000000000","7/2/2020","Presidio Networked Solutions Group, LLC"
"","Closed Won","Q1-2019","35482.50","27.0000000000","2/28/2019","Presidio Networked Solutions Group, LLC"
"","Closed Won","Q4-2018","6525.60","96.0000000000","10/22/2018","Presidio Networked Solutions Group, LLC"
"Channel Inbound","Closed Won","Q3-2020","7020.00","744.0000000000","7/31/2020","Presidio Networked Solutions Group, LLC"
"","Closed Won","Q3-2018","4794.00","32.0000000000","8/28/2018","Presidio Networked Solutions Group, LLC"
"Events/Shows","Closed Won","Q3-2018","21060.00","34.0000000000","8/21/2018","Presidio Networked Solutions Group, LLC"
"Channel Inbound","Closed Lost","Q3-2019","10244.00","99.0000000000","9/4/2019","Presidio Networked Solutions Group, LLC"
"Channel Inbound","Closed Lost","Q1-2021","33243.00","106.0000000000","2/18/2021","Presidio Networked Solutions Group, LLC"
"Customer Support","Closed Lost","Q2-2023","8390.40","148.0000000000","4/12/2023","Presidio Networked Solutions Group, LLC"
"Channel Inbound","Closed Lost","Q1-2021","6597.90","151.0000000000","2/1/2021","Presidio Networked Solutions Group, LLC"
"Channel Inbound","Closed Lost","Q3-2019","3283.00","209.0000000000","9/23/2019","Presidio Networked Solutions Group, LLC"
"Website","Closed Lost","Q1-2019","13266.00","180.0000000000","2/19/2019","Presidio Networked Solutions Group, LLC"
"","Closed Lost","Q1-2019","17132.00","239.0000000000","3/14/2019","Prosys Information Systems, Inc. -  a Pivot Company"
"Website","Closed Won","Q3-2019","62020.00","367.0000000000","8/30/2019","ACT Data Solutions"
"Customer Support","Closed Lost","Q4-2022","10080.00","66.0000000000","12/30/2022",""
"Customer Support","Closed Lost","Q1-2023","1240.00","27.0000000000","3/15/2023",""
"Marketing Campaign","Closed Won","Q4-2020","6370.00","224.0000000000","12/17/2020",""
"Channel Inbound","Closed Lost","Q2-2021","15124.14","92.0000000000","5/12/2021",""
"Customer Support","Closed Lost","Q1-2023","3053.75","21.0000000000","2/15/2023",""
"Customer Support","Closed Won","Q3-2022","2129.28","28.0000000000","9/19/2022",""
"Website","Closed Lost","Q2-2019","4230.00","30.0000000000","5/15/2019",""
"Website","Closed Lost","Q3-2020","252000.00","21.0000000000","9/4/2020",""
"Events/Shows","Closed Lost","Q2-2020","10945.00","160.0000000000","4/13/2020",""
"Direct Sales","Closed Lost","Q3-2020","370500.00","178.0000000000","9/4/2020",""
"Direct Sales","Closed Lost","Q3-2022","2796.00","55.0000000000","9/13/2022",""
"Customer Support","Closed Lost","Q4-2022","5760.00","172.0000000000","11/22/2022",""
"Customer Support","Closed Lost","Q2-2023","6836.76","312.0000000000","4/11/2023",""
"Direct Sales","Closed Won","Q3-2022","1500.00","23.0000000000","9/16/2022",""
"Events/Shows","Closed Won","Q3-2018","8116.50","6.0000000000","7/31/2018",""
"Events/Shows","Closed Won","Q3-2019","76074.20","98.0000000000","9/27/2019",""
"Channel Inbound","Closed Lost","Q3-2021","51156.00","349.0000000000","8/5/2021",""
"Website","Closed Lost","Q2-2020","22800.00","233.0000000000","6/10/2020",""
"Website","Closed Lost","Q1-2020","20108.50","84.0000000000","1/20/2020",""
"Website","Closed Lost","Q2-2020","24104.00","170.0000000000","5/7/2020",""
"Customer Support","Closed Lost","Q2-2023","12300.00","97.0000000000","5/15/2023",""
"Customer Support","Closed Won","Q2-2023","1500.00","73.0000000000","4/10/2023",""
"Website","Closed Lost","Q1-2020","10330.20","418.0000000000","2/5/2020",""
"Customer Support","Closed Lost","Q4-2022","5739.40","236.0000000000","10/4/2022",""
"Direct Sales","Closed Lost","Q3-2022","3777.55","297.0000000000","9/2/2022",""
"Direct Sales","Closed Lost","Q2-2023","1116.38","63.0000000000","4/11/2023",""
"Customer Support","Closed Lost","Q2-2023","259.69","43.0000000000","4/14/2023",""
"Customer Support","Closed Won","Q2-2023","1077.12","66.0000000000","5/8/2023",""
"Website","Closed Lost","Q3-2020","4230.00","148.0000000000","7/1/2020",""
"Customer Support","Closed Lost","Q4-2022","17528.77","191.0000000000","10/6/2022",""
"Customer Support","Closed Won","Q4-2022","53442.00","297.0000000000","12/30/2022",""
"Customer Support","Closed Won","Q2-2022","4093.18","7.0000000000","4/5/2022",""
"Website","Closed Lost","Q2-2020","3243.00","226.0000000000","6/10/2020",""
"Direct Sales","Closed Won","Q2-2023","14400.00","669.0000000000","4/18/2023",""
"Website","Closed Lost","Q3-2020","16317.00","59.0000000000","7/24/2020",""
"Channel Inbound","Closed Lost","Q2-2021","7723.30","298.0000000000","6/25/2021",""
"Website","Closed Won","Q3-2018","3694.00","18.0000000000","9/28/2018",""
"Customer Support","Closed Lost","Q2-2023","9295.84","21.0000000000","5/17/2023",""
"Website","Closed Lost","Q1-2022","27600.00","112.0000000000","2/16/2022",""
"Customer Support","Closed Won","Q4-2022","1600.04","199.0000000000","11/4/2022",""
"Customer Support","Closed Won","Q3-2022","5985.00","36.0000000000","9/30/2022",""
"Channel Inbound","Closed Lost","Q4-2020","2975.00","152.0000000000","12/23/2020",""
"Website","Closed Lost","Q1-2021","4500.00","167.0000000000","3/18/2021",""
"Customer Support","Closed Lost","Q4-2022","25462.74","212.0000000000","11/18/2022",""
"Website","Closed Won","Q3-2022","15865.20","24.0000000000","9/21/2022",""
"Website","Closed Lost","Q2-2022","14916.00","62.0000000000","5/25/2022",""
"Direct Sales","Closed Won","Q3-2020","5400.00","22.0000000000","7/29/2020",""
"Channel Inbound","Closed Won","Q4-2020","9240.00","22.0000000000","11/11/2020",""
"Customer Support","Closed Lost","Q4-2022","10555.02","90.0000000000","11/29/2022",""
"","Closed Won","Q4-2018","3100.00","18.0000000000","10/5/2018",""
"Website","Closed Lost","Q2-2020","4230.00","110.0000000000","6/10/2020",""
"Customer Support","Closed Lost","Q3-2022","19440.00","48.0000000000","9/1/2022",""
"Website","Closed Lost","Q2-2020","4230.00","107.0000000000","6/10/2020",""
"Direct Sales","Closed Lost","Q4-2020","7178.25","34.0000000000","10/1/2020",""
"Customer Support","Closed Lost","Q1-2023","7880.00","69.0000000000","3/14/2023",""
"Channel Inbound","Closed Lost","Q4-2021","14400.00","248.0000000000","11/11/2021",""
"Website","Closed Lost","Q4-2022","6780.00","139.0000000000","11/22/2022",""
"Customer Support","Closed Lost","Q4-2022","2600.00","174.0000000000","10/20/2022",""
"Direct Sales","Closed Lost","Q3-2019","38310.00","6.0000000000","9/26/2019",""
"Website","Closed Lost","Q4-2021","8294.00","183.0000000000","10/19/2021",""
"Customer Support","Closed Lost","Q2-2023","527.16","20.0000000000","4/18/2023",""
"Customer Support","Closed Lost","Q2-2023","4940.00","71.0000000000","5/4/2023",""
"Customer Support","Closed Won","Q2-2023","825.00","6.0000000000","4/19/2023",""
"Customer Support","Closed Won","Q2-2023","3084.00","7.0000000000","4/27/2023",""
"Customer Support","Closed Won","Q2-2022","1318.38","7.0000000000","5/18/2022",""
"Customer Support","Closed Lost","Q3-2022","19041.36","163.0000000000","9/9/2022",""
"Website","Closed Lost","Q3-2022","15120.00","366.0000000000","7/13/2022",""
"Channel Inbound","Closed Lost","Q2-2021","8400.00","161.0000000000","4/14/2021",""
"Customer Support","Closed Lost","Q1-2022","4800.00","161.0000000000","3/8/2022",""
"Customer Support","Closed Won","Q1-2023","3781.26","122.0000000000","1/6/2023",""
"Customer Support","Closed Won","Q3-2022","10950.00","360.0000000000","9/30/2022",""
"Customer Support","Closed Won","Q3-2022","1512.00","102.0000000000","8/5/2022",""
"Customer Support","Closed Won","Q4-2022","1960.00","80.0000000000","12/12/2022",""
"Direct Sales","Closed Won","Q3-2022","2839.46","259.0000000000","9/13/2022",""
"Direct Sales","Closed Lost","Q1-2023","2500.00","373.0000000000","3/1/2023",""
"Marketing Campaign","Closed Lost","Q4-2021","2742.80","470.0000000000","10/29/2021",""
"Website","Closed Lost","Q2-2021","21444.40","552.0000000000","6/15/2021",""
"Website","Closed Lost","Q3-2019","4230.00","43.0000000000","8/9/2019",""
"Customer Support","Closed Lost","Q4-2022","3339.00","133.0000000000","10/24/2022",""
"Customer Support","Closed Won","Q3-2022","3820.00","16.0000000000","7/27/2022",""
"Website","Closed Lost","Q1-2020","36696.00","16.0000000000","1/22/2020",""
"Customer Support","Closed Lost","Q2-2022","2126.46","76.0000000000","5/11/2022",""
"Customer Support","Closed Lost","Q4-2022","3600.00","70.0000000000","12/1/2022",""
"Customer Support","Closed Lost","Q3-2022","5968.00","73.0000000000","9/2/2022",""
"Customer Support","Closed Lost","Q3-2022","23400.00","98.0000000000","8/23/2022",""
"Customer Support","Closed Won","Q3-2022","1625.00","9.0000000000","8/5/2022",""
"Customer Support","Closed Won","Q3-2022","2200.00","3.0000000000","8/18/2022",""
"Channel Inbound","Closed Lost","Q3-2021","11322.94","320.0000000000","8/11/2021",""
"Website","Closed Lost","Q1-2022","29400.00","253.0000000000","2/17/2022",""
"Events/Shows","Closed Lost","Q2-2020","21194.60","189.0000000000","5/28/2020",""
"Customer Support","Closed Won","Q2-2022","750.00","1.0000000000","4/1/2022",""
"Customer Support","Closed Won","Q4-2022","11214.00","881.0000000000","10/26/2022",""
"Customer Support","Closed Lost","Q4-2022","3600.00","98.0000000000","11/9/2022",""
"Customer Support","Closed Won","Q3-2022","1500.00","49.0000000000","9/22/2022",""
"Customer Support","Closed Won","Q3-2022","189.00","28.0000000000","7/26/2022",""
"Customer Support","Closed Lost","Q4-2022","3019.68","141.0000000000","11/17/2022",""
"Channel Inbound","Closed Lost","Q1-2022","23360.00","613.0000000000","3/18/2022",""
"Website","Closed Lost","Q3-2019","17810.00","92.0000000000","8/1/2019",""
"Marketing Campaign","Closed Lost","Q4-2020","9245.20","243.0000000000","12/21/2020",""
"Marketing Campaign","Closed Lost","Q2-2020","70901.40","41.0000000000","6/2/2020",""
"Events/Shows","Closed Lost","Q2-2020","36480.00","344.0000000000","4/15/2020",""
"Customer Support","Closed Lost","Q1-2023","1262.69","152.0000000000","3/6/2023",""
"Customer Support","Closed Lost","Q4-2022","7200.00","76.0000000000","10/20/2022",""
"Customer Support","Closed Won","Q3-2022","1800.18","52.0000000000","7/11/2022",""
"Customer Support","Closed Lost","Q2-2022","4580.42","9.0000000000","5/27/2022",""
"Customer Support","Closed Lost","Q2-2023","6177.49","360.0000000000","5/15/2023",""
"Website","Closed Won","Q3-2019","39930.00","77.0000000000","9/17/2019",""
"Website","Closed Lost","Q1-2020","15870.00","233.0000000000","1/23/2020",""
"Website","Closed Lost","Q3-2022","48200.00","161.0000000000","8/30/2022",""
"Direct Sales","Closed Lost","Q4-2022","937.02","179.0000000000","11/15/2022",""
"Customer Support","Closed Lost","Q2-2019","1642.00","73.0000000000","6/28/2019",""
"Website","Closed Won","Q1-2019","19900.00","170.0000000000","2/21/2019",""
"Channel Inbound","Closed Lost","Q2-2021","14952.00","13.0000000000","4/14/2021",""
"Customer Support","Closed Lost","Q1-2023","2500.00","330.0000000000","1/17/2023",""
"Customer Support","Closed Lost","Q2-2023","191.18","158.0000000000","4/24/2023",""
"Customer Support","Closed Won","Q4-2022","6915.60","29.0000000000","11/30/2022",""
"Direct Sales","Closed Lost","Q1-2023","8760.00","856.0000000000","1/12/2023",""
"Customer Support","Closed Lost","Q2-2022","33000.00","745.0000000000","5/12/2022",""
"Marketing Campaign","Closed Lost","Q2-2020","9155.15","36.0000000000","6/2/2020",""
"Customer Support","Closed Lost","Q4-2022","8455.32","201.0000000000","12/20/2022",""
"Website","Closed Lost","Q1-2019","20988.00","203.0000000000","3/7/2019",""
"Website","Closed Won","Q4-2018","7372.00","101.0000000000","11/30/2018",""
"Traditional/Offline Networking","Closed Won","Q1-2022","42000.00","1311.0000000000","3/25/2022",""
